concept,pred_count,pred_pct,avg_confidence,n_countries,most_common_parent
Bollard,78,2.479338842975207,0.16729368890325227,15,bollard_design
Roadlines,78,2.479338842975207,0.27564102640518773,14,road_line
Unique Car,52,1.6528925619834711,0.1808423212227913,9,car_type
Rifts,51,1.621106166560712,0.14509799287599676,7,camera_meta
Unique car,49,1.557533375715194,0.19650474517625205,14,car_meta
Mountains,47,1.4939605848696758,0.1155936803589476,11,landscape_mountains_temperate
Ten Digit Yellow Pole Codes,45,1.4303877940241576,0.237942322757509,1,pole_marker
Architecture,39,1.2396694214876034,0.11376912366503324,11,building_facade
Chevrons,37,1.1760966306420853,0.15406526202285611,13,chevron
trident,36,1.1443102352193262,0.080525619081325,13,pole_shape
Chilo Island,33,1.048951048951049,0.17453782525703762,9,Chilo Island
Bollards,29,0.9218054672600127,0.15732942328884683,11,bollard_shape
Baden-Wrttemberg,26,0.8264462809917356,0.11987735660603413,5,Baden-Wrttemberg
Architecture - Black Shingle Roof,25,0.7946598855689765,0.09819811642169952,3,building_roof
Landscape,25,0.7946598855689765,0.12789270758628846,4,landscape_desert
Catalan Language,19,0.6039415130324222,0.16781442259487353,4,script_catalan
Vibes,19,0.6039415130324222,0.15909121205147944,5,landscape_urban
NSW guardrail ending,19,0.6039415130324222,0.15245816895836278,1,vegetation_forest
Posadas,18,0.5721551176096631,0.12351151690300968,5,landscape_hills
Red Soil,18,0.5721551176096631,0.11768263061013487,5,landscape_soil_arid
Street name ending - tie,18,0.5721551176096631,0.09564743770493402,4,road_sign
Southern tree stands,18,0.5721551176096631,0.12831206785307991,1,buddhism
License Plates,17,0.540368722186904,0.10570626552490626,6,car_meta
Alps,17,0.540368722186904,0.13323118844453027,5,landscape_alpine
Short Dashes,16,0.5085823267641449,0.13254833524115384,2,road_dashed
South Germany Architecture ,16,0.5085823267641449,0.14830708736553788,3,building_facade
Pole Tops,15,0.47679593134138587,0.10155052194992702,6,pole_shape
Black Forest Architecture,15,0.47679593134138587,0.09919713884592056,4,building_facade
M letter sign,15,0.47679593134138587,0.15723316371440887,2,road_dirt
Low cam,15,0.47679593134138587,0.08337848385175069,4,landscape_alpine
Street Names,15,0.47679593134138587,0.09255433405439059,7,script_estonian
Alpine architecture,15,0.47679593134138587,0.1274866580963135,6,building_facade
Valais Bollards,15,0.47679593134138587,0.1302053098877271,4,landscape_alpine
KM Marker,15,0.47679593134138587,0.12240778530637424,4,road_marker
Snowpole,14,0.44500953591862685,0.09945575733269964,2,pole_marker
Pedestrian crossing sign,14,0.44500953591862685,0.11097453481384686,7,script_catalan
Sign Border,13,0.4132231404958678,0.11422022604025327,6,road_sign
Eucalyptus plantations,13,0.4132231404958678,0.10386742995335506,4,vegetation_forest_temperate
Poles,13,0.4132231404958678,0.09170036734296726,8,pole_shape
Fog 1,13,0.4132231404958678,0.09248747762579185,1,landscape_fog
"City Roads, Santa Cruz & Suburbs",12,0.3814367450731087,0.18381138145923615,3,road_urban
Weird roadlines,12,0.3814367450731087,0.1100764125585556,3,road_line
-Ach ending,12,0.3814367450731087,0.11041037210573752,5,script_latin
Bavaria Road Marker,12,0.3814367450731087,0.11594956864913304,5,Baden-Wrttemberg
Bay of Concepcin,12,0.3814367450731087,0.19221983353296915,5,Bay of Concepcin
Esmeraldas Province,12,0.3814367450731087,0.09720259563376506,3,landscape_hills_tropical
Cusco City,12,0.3814367450731087,0.10790447425097227,3,landscape_hills
Unique Architecture,11,0.34965034965034963,0.07801861011169174,3,building_facade
"Ruta 4, Vila Vila to Buena Vista",11,0.34965034965034963,0.1447092890739441,2,camera_meta
-Ow ending,11,0.34965034965034963,0.08650343323295767,5,script_latin
Pedestrian Signs,11,0.34965034965034963,0.1222953274846077,2,road_sign
Short outer lines,11,0.34965034965034963,0.13475688817826184,2,road_line
Cartago Blue Text,11,0.34965034965034963,0.11255803602662953,2,pole_marker
"Montenegro, North Macedonia, Serbia Shared Cyrillic Letters",11,0.34965034965034963,0.11693806404417212,2,script_cyrillic
Deep grey dirt,10,0.3178639542275906,0.15732660368084908,2,road_dirt
Paran pines,10,0.3178639542275906,0.13851940259337425,2,Paran pines
"DR46, DR47",10,0.3178639542275906,0.08964968584477902,2,landscape_fog
Red soil,10,0.3178639542275906,0.06860121563076974,3,landscape_soil
"Ruta 7, Mairana To San Luis",10,0.3178639542275906,0.12252913564443588,4,camera_meta
Electricity marker,10,0.3178639542275906,0.1361226372420788,3,script_latvian
Hay,10,0.3178639542275906,0.13166462890803815,1,vegetation_hay
Wire Numbers,10,0.3178639542275906,0.11362707354128361,3,pole_marker
Language,10,0.3178639542275906,0.14271262735128404,1,script_bengali
Concepcin City Proper,10,0.3178639542275906,0.140212070196867,3,Concepcin City Proper
Santa Cruz Plain Roads,10,0.3178639542275906,0.18717425912618638,1,road_dirt_tropical
Schleswig-Holstein Architecture,9,0.28607755880483154,0.08454709582858616,3,building_facade
Olive Trees,9,0.28607755880483154,0.11098538173569573,3,vegetation_vineyard
Aldi,9,0.28607755880483154,0.10646446297566096,4,building_facade
Blue sticker,9,0.28607755880483154,0.0546223394986656,3,landscape_soil
Hilly + agricultural landscape,9,0.28607755880483154,0.08090408974223667,4,landscape_hills_temperate
Austria,9,0.28607755880483154,0.16432868358161715,4,phone_code
Light-Colored Stone,9,0.28607755880483154,0.08763927511043018,1,building_facade
Architecture - Brick House / Red Rooftiles,9,0.28607755880483154,0.11448878546555837,1,building_roof
Eucalyptus,9,0.28607755880483154,0.2012114715245035,1,vegetation_fruit
Hip roofs,9,0.28607755880483154,0.10992941425906287,1,buddhism
Park Prirode _umberak,9,0.28607755880483154,0.09888220619824198,3,Park Prirode _umberak
Road Markers,9,0.28607755880483154,0.14975309496124586,4,road_marker
San Luis,9,0.28607755880483154,0.21003556748231253,2,vegetation_grassland
Dense pine trees,9,0.28607755880483154,0.08428602417310078,4,vegetation_forest_temperate
Paran Pines,8,0.25429116338207247,0.09917898522689939,2,Paran Pines
"Suffix ""-beck""",8,0.25429116338207247,0.07321831723675132,4,landscape_plain_temperate
Roadlines #2,8,0.25429116338207247,0.11140538542531431,4,road_line
No hunting signs,8,0.25429116338207247,0.10413138358853757,2,chevron
Manitoba bollards,8,0.25429116338207247,0.11922623682767153,1,bollard_design
Northeast Landscape,8,0.25429116338207247,0.10052924323827028,2,landscape_hills
Phobjika valley,8,0.25429116338207247,0.07016014447435737,1,building_facade
Silver car,8,0.25429116338207247,0.08286849409341812,1,road_sign
ACT gap reflector,8,0.25429116338207247,0.10213842708617449,1,landscape_hills_temperate
KM Markers,8,0.25429116338207247,0.09603079967200756,7,road_marker
Lowcam,8,0.25429116338207247,0.09786100126802921,6,camera_meta
Holey pole,8,0.25429116338207247,0.1165619962848723,3,pole_shape
Latvia Unique Latin Letters,8,0.25429116338207247,0.0992835802026093,4,script_latvian
Landscape - Green & Golden Fields,8,0.25429116338207247,0.11764556262642145,1,landscape_fields_temperate
Northwestern Architecture,8,0.25429116338207247,0.10443330183625221,3,building_facade
East Pole ,8,0.25429116338207247,0.10135569702833891,3,landscape_sign
"Czechia, Slovakia Shared Latin Letters",8,0.25429116338207247,0.11557707958854735,2,script_latin
Southern Half,8,0.25429116338207247,0.08903218107298017,2,vegetation_forest_temperate
La Libertad 2024 Coverage,8,0.25429116338207247,0.10568898916244507,3,landscape_hills_temperate
Small Lakes,8,0.25429116338207247,0.09903086465783417,2,"Crdoba, Buenos Aires and Santiago del Estero."
German Alps,7,0.22250476795931343,0.12196566856333188,2,landscape_alpine
Hilly terrain,7,0.22250476795931343,0.08491721483213562,3,buddhism
Rangpur grass,7,0.22250476795931343,0.2078899900828089,1,landscape_fields_tropical
Catalan language - carrer,7,0.22250476795931343,0.1213542792413916,4,script_catalan
Pole,7,0.22250476795931343,0.08039976603218488,5,pole_shape
Wind turbines,7,0.22250476795931343,0.12234206391232354,1,infrastructure_wind
Regensburg Plains,7,0.22250476795931343,0.08421965848122324,4,landscape_plain_temperate
Sign Back Folded/not Folded,7,0.22250476795931343,0.11975082010030746,3,post_sign
Ruta 225 in Los Lagos,7,0.22250476795931343,0.09056405297347478,5,vegetation_forest_temperate
Kakadu National Park,7,0.22250476795931343,0.1724241886820112,1,vegetation_forest
Sikkim Fir,7,0.22250476795931343,0.07228175231388637,1,vegetation_forest_temperate
Sweden,7,0.22250476795931343,0.15451005260859216,2,phone_code
Sylt,7,0.22250476795931343,0.12510355934500694,1,road_coastal
Rolling Hills,7,0.22250476795931343,0.12255415959017617,3,landscape_hills_temperate
Weiler,7,0.22250476795931343,0.07069421399916921,4,script_latin
Australia,7,0.22250476795931343,0.2002871653863362,1,phone_code
Street name ending - tee,7,0.22250476795931343,0.07418703048356942,4,script_estonian
Landscape - Southeast Hills,7,0.22250476795931343,0.09739407471248082,2,landscape_hills_tropical
RN14,7,0.22250476795931343,0.26709647263799396,2,road_divided
Santo Domingo vibes,7,0.22250476795931343,0.12198384372251374,4,landscape_urban
Brazil,7,0.22250476795931343,0.1386679027761732,2,phone_code
San Jos White Tag,7,0.22250476795931343,0.11190103526626315,1,San Jos White Tag
WA yellow sign posts,6,0.19071837253655435,0.1490136720240116,1,post_sign
"City Roads, Cochabamba ",6,0.19071837253655435,0.05787511231998602,3,landscape_valley
Asturias snow poles,6,0.19071837253655435,0.08168569641808669,3,chevron
WA property marker,6,0.19071837253655435,0.09989983898897965,1,pole_marker
Tea,6,0.19071837253655435,0.07288371833662192,2,vegetation_tea
Curbs,6,0.19071837253655435,0.10505582578480244,1,car_meta
Alps - Alpine Architecture,6,0.19071837253655435,0.11234844165543716,3,building_facade
Mainly in Dalarna,6,0.19071837253655435,0.15850102404753366,2,road_dirt
Extremadura bollards,6,0.19071837253655435,0.15045003096262613,1,Aragn Bollards
National Trail,6,0.19071837253655435,0.09667240145305793,4,trekkers
"Denmark, Iceland, Norway Shared Latin Letters",6,0.19071837253655435,0.10058163292706013,2,building_facade
Tucumn,6,0.19071837253655435,0.2312221514681975,3,Tucumn
Mendoza,6,0.19071837253655435,0.22156585504611334,3,vegetation_vineyard
"Ruta 7 & 22, Mataral Area",6,0.19071837253655435,0.3337425986925761,3,landscape_hills_tropical
"City Roads, El Alto",6,0.19071837253655435,0.1422337032854557,1,landscape_urban
Striped Signposts,6,0.19071837253655435,0.0824982983370622,3,chevron
Landscape - Acre Landscape,6,0.19071837253655435,0.11275408541162808,2,Maranho wide insulators
Montevideo,6,0.19071837253655435,0.15399140988787016,2,landscape_urban
Panama,6,0.19071837253655435,0.09893804043531418,2,San Jos White Tag
Apurimac Gen 3 Landscape,6,0.19071837253655435,0.06656962136427562,3,landscape_hills_temperate
House Numbers,6,0.19071837253655435,0.11571246137221654,3,landscape_sign
Saskatchewan alternating insulators,6,0.19071837253655435,0.10344232060015202,1,landscape_prairie
Mato Grosso pole,6,0.19071837253655435,0.0874050452063481,1,Maranho wide insulators
Red Cap Posts,5,0.1589319771137953,0.07884136736392974,2,bollard_design
Guardrail endings,5,0.1589319771137953,0.09631828665733337,4,guardrail
Alternating pole top,5,0.1589319771137953,0.08009037896990776,2,pole_shape
Flat Fens landscape,5,0.1589319771137953,0.0941176950931549,4,landscape_flatland_temperate
Canaries Diverse Landscapes,5,0.1589319771137953,0.09486974775791168,1,landscape_volcanic
Czechia Unique Latin Letters,5,0.1589319771137953,0.08438680320978165,2,script_latin
Landscape - British Hedges,5,0.1589319771137953,0.11424088403582573,2,landscape_hills_temperate
Flat landscape,5,0.1589319771137953,0.09605994522571563,3,landscape_flatland_temperate
Southeast Regensburg flat plains,5,0.1589319771137953,0.09474012851715088,4,landscape_plain_temperate
Tall Mountains,5,0.1589319771137953,0.07239761725068092,5,landscape_hills_tropical
Antofagasta de la Sierra,5,0.1589319771137953,0.20142395198345184,2,landscape_volcanic
N Yungas Road (AKA Death Road),5,0.1589319771137953,0.14324305802583695,1,road_dirt_tropical
pole,5,0.1589319771137953,0.11659126132726669,1,pole_shape
Road to Villa de Merlo,5,0.1589319771137953,0.06453156247735023,2,vegetation_cacti
San Martin Gen 3,5,0.1589319771137953,0.06963746324181556,2,landscape_mountains_tropical
RP4,5,0.1589319771137953,0.07893562763929367,3,landscape_hills_tropical
Ontario diamonds,5,0.1589319771137953,0.08547069951891899,1,guardrail
Piura East Landscape,5,0.1589319771137953,0.060646869242191315,3,landscape_hills_temperate
Yellow traffic light poles,5,0.1589319771137953,0.14034464433789254,3,landscape_urban
Generation 3,5,0.1589319771137953,0.05645459443330765,4,camera_meta
"""Indian"" square roof tiles",5,0.1589319771137953,0.10955137014389038,1,building_roof
Green and Lush Landscape,5,0.1589319771137953,0.09626158624887467,3,Chilo Island
Bola Ocho,5,0.1589319771137953,0.1069433219730854,4,script_catalan
San Pedro de Atacama,5,0.1589319771137953,0.07415005788207055,3,landscape_desert
Pedestrian Sign,5,0.1589319771137953,0.06086872592568397,3,road_sign
North,5,0.1589319771137953,0.11413538977503776,3,landscape_savannah
Most open landscape,5,0.1589319771137953,0.11642013117671013,3,landscape_fields_temperate
Window roofs,5,0.1589319771137953,0.11019590944051742,1,buddhism
France,5,0.1589319771137953,0.1497687354683876,3,phone_code
Germany,5,0.1589319771137953,0.10532190576195717,4,phone_code
Rubber trees,5,0.1589319771137953,0.12999733462929725,3,vegetation_forest_tropical
Place name suffixes,5,0.1589319771137953,0.09135522991418839,4,script_latin
Infamous Low Rock Walls,5,0.1589319771137953,0.1085268184542656,2,landscape_rock
Arrow-shaped signs,5,0.1589319771137953,0.08856222927570342,3,road_sign
Street name ending - g.,5,0.1589319771137953,0.08115852549672127,3,script_latin
WA bollard,5,0.1589319771137953,0.11337476968765259,1,vegetation_forest
-Itz ending,5,0.1589319771137953,0.07621920183300972,3,script_latin
Alp region,5,0.1589319771137953,0.12536618262529373,3,Baden-Wrttemberg
Vegetation - Spruce,5,0.1589319771137953,0.0764006495475769,4,vegetation_forest_boreal
Black sock sign post,4,0.12714558169103624,0.07966679707169533,1,camera_meta
Malta Unique Latin Letters,4,0.12714558169103624,0.08839818555861712,2,script_latin
Apurimac Abancay Town,4,0.12714558169103624,0.05802214425057173,2,landscape_mountains_tropical
Taxis Letters,4,0.12714558169103624,0.09144319035112858,1,landscape_urban
triangle top,4,0.12714558169103624,0.11120645981281996,1,landscape_ridge_temperate
"Bulgaria, Russia, Ukraine Shared Cyrillic Letters",4,0.12714558169103624,0.11367776617407799,2,script_cyrillic
El Can,4,0.12714558169103624,0.13895849883556366,2,El Can
"Crdoba, Buenos Aires and Santiago del Estero.",4,0.12714558169103624,0.11716536991298199,1,"Crdoba, Buenos Aires and Santiago del Estero."
San Martin Landscape,4,0.12714558169103624,0.12882868386805058,2,landscape_hills_tropical
Long Black Very A-Type,4,0.12714558169103624,0.09828870184719563,1,camera_meta
Pickup car,4,0.12714558169103624,0.07650764752179384,4,car_type
Gen 4 Appearance,4,0.12714558169103624,0.06943864468485117,2,car_type
MDD 30C Offroads,4,0.12714558169103624,0.09140990022569895,3,road_dirt_tropical
Loreto Iquitos Town,4,0.12714558169103624,0.08788422681391239,3,road_urban
Lake Mburo - Vibes,4,0.12714558169103624,0.08541151974350214,1,landscape_hills_arid
Shitcam,4,0.12714558169103624,0.07127741910517216,2,camera_meta
White Car,4,0.12714558169103624,0.08083694521337748,1,car_meta
Northeast,4,0.12714558169103624,0.09659192524850368,1,landscape_hills
Prairie potholes,4,0.12714558169103624,0.13873137533664703,1,landscape_prairie
Ontario KM markers,4,0.12714558169103624,0.06665716879069805,2,road_sign
Electricity counter,4,0.12714558169103624,0.08812513016164303,2,infrastructure_industrial
"Black Label, Yellow Numbers",4,0.12714558169103624,0.0972110815346241,1,pole_marker
"Ruta 5, Potosi To Agua Castilla",4,0.12714558169103624,0.2884630598127842,1,landscape_hills_arid
Huanuco Town,4,0.12714558169103624,0.08383231423795223,3,landscape_sky
"Ruta 1, West of El Alto",4,0.12714558169103624,0.14882994443178177,1,camera_meta
"City Roads, Sucre",4,0.12714558169103624,0.11578139010816813,1,landscape_hills
"Ruta 1 & 4, La Paz to Oruro",4,0.12714558169103624,0.10612738691270351,1,road_divided
Hilly Landscape,4,0.12714558169103624,0.0904342858120799,3,landscape_hills_temperate
Kilometre Markers,4,0.12714558169103624,0.09038006700575352,4,road_sign
-ec town names,4,0.12714558169103624,0.06137590343132615,3,script_latin
Hook pole,4,0.12714558169103624,0.07280544377863407,4,chevron
WA stripy bollard,4,0.12714558169103624,0.15193393640220165,1,bollard_design
Stirling Range,4,0.12714558169103624,0.1517912968993187,1,landscape_canyon
Junin North Landscape,4,0.12714558169103624,0.11751565057784319,1,landscape_hills
Bavaria Wooden Bollards,4,0.12714558169103624,0.06700313836336136,2,Baden-Wrttemberg
Pineapple,4,0.12714558169103624,0.10005874745547771,1,script_bengali
"Suffix ""-scheid""",4,0.12714558169103624,0.06304281763732433,4,Baden-Wrttemberg
Hop,4,0.12714558169103624,0.119896799325943,3,vegetation_crops
Portugal,4,0.12714558169103624,0.06180373765528202,4,phone_code
General Architecture,4,0.12714558169103624,0.09578387811779976,3,building_facade
Timber frame houses,4,0.12714558169103624,0.1049627773463726,1,buddhism
Jute bundles,4,0.12714558169103624,0.13382761739194393,1,vegetation_fruit
Canola,4,0.12714558169103624,0.10630634613335133,1,vegetation_fruit
Southeast and Around Trondheim,4,0.12714558169103624,0.09959997609257698,2,vegetation_forest_boreal
Road Numbers,3,0.09535918626827718,0.13933520019054413,1,script_european
Cogersa bins,3,0.09535918626827718,0.11908367524544398,2,script_basque
Kalea,3,0.09535918626827718,0.09175826981663704,2,script_basque
"Faroe Islands, Iceland Shared Latin Letters",3,0.09535918626827718,0.13923919945955276,1,script_latin
Distinct valley,3,0.09535918626827718,0.06992841636141141,2,Po_ega valley
Cypress trees,3,0.09535918626827718,0.05212414264678955,1,landscape_ridge_temperate
Tropical plants,3,0.09535918626827718,0.046722410867611565,3,landscape_soil
Vegetation - Turkish Pine,3,0.09535918626827718,0.06485255683461826,2,trekkers
Vratsa mountains,3,0.09535918626827718,0.05803444484869639,1,landscape_mountains_temperate
Tallest hills,3,0.09535918626827718,0.06567248081167538,1,landscape_hills_temperate
"Croatia, Montenegro, Serbia Shared Latin Letters",3,0.09535918626827718,0.06934634720285733,2,people_seastars
Black and purple pole markings,3,0.09535918626827718,0.07767512649297714,2,car_type
General Landscape,3,0.09535918626827718,0.0338001927981774,2,vegetation_cacti
Belgium Lego Man,3,0.09535918626827718,0.07646279161175092,1,road_sign
Agriculture - Wine,3,0.09535918626827718,0.1057492991288503,2,building_roof
Reddish license plates,3,0.09535918626827718,0.09864974021911621,2,building_facade
Pineforests,3,0.09535918626827718,0.14938789109388986,1,vegetation_forest_temperate
Half-timbered with Arches,3,0.09535918626827718,0.07415089756250381,2,building_facade
Berlin Street Signs,3,0.09535918626827718,0.15032299359639487,1,road_sign
Bus Stop,3,0.09535918626827718,0.07361477985978127,2,road_sign
Sorbian,3,0.09535918626827718,0.08707541227340698,1,script_latin
"Latvia, Lithuania Shared Latin Letters",3,0.09535918626827718,0.07145307709773381,2,script_latin
Odd Bollard ,3,0.09535918626827718,0.0659443736076355,3,bollard_design
Blue and yellow chevrons,3,0.09535918626827718,0.08620379368464152,3,post_sign
Oil palm plantations,3,0.09535918626827718,0.141457532842954,1,vegetation_farm_tropical
Ecuador shitcam,3,0.09535918626827718,0.059081810216108956,2,camera_meta
RP30,3,0.09535918626827718,0.099705105026563,1,landscape_winter
Comodoro Rivadavia hills,3,0.09535918626827718,0.06253195802370708,2,landscape_hills_temperate
Turkiye Unique Latin Letters,3,0.09535918626827718,0.061707268158594765,3,script_latin
RP61 North of Taco Pozo,3,0.09535918626827718,0.2583598891894023,2,road_dirt
White Truck,3,0.09535918626827718,0.0675213374197483,1,car_meta
Central Appennini,3,0.09535918626827718,0.09421517203251521,3,landscape_mountains_temperate
Roads near Death Road,3,0.09535918626827718,0.07022253548105557,2,landscape_mountains_tropical
Street Signs,3,0.09535918626827718,0.10396186759074529,2,road_sign
Pasco Oxapampa,3,0.09535918626827718,0.09474916259447734,3,landscape_hills_tropical
Southern Provinces,3,0.09535918626827718,0.09390754873553912,1,San Jos White Tag
Coquimbo City Landmarks,3,0.09535918626827718,0.061230448385079704,3,Via del Mar Coastline
Lima Town,3,0.09535918626827718,0.13816827659805617,3,landscape_sky
Ica/Lima 2025 valleys,3,0.09535918626827718,0.12957621862490973,1,landscape_valley_arid
Black yellow stripes,3,0.09535918626827718,0.055757103487849236,3,landscape_hills_tropical
Tacna/Moquegua Gen 3 Landscapes,3,0.09535918626827718,0.12570312122503915,1,landscape_desert
La Libertad Gen 3 Landscape,3,0.09535918626827718,0.08312508588035901,2,landscape_farm
Eastern Santiago Southern Roads,3,0.09535918626827718,0.07007624457279842,1,"Crdoba, Buenos Aires and Santiago del Estero."
Laguna del Laja National Park,3,0.09535918626827718,0.06935069461663564,2,landscape_lake
Ivan__ica and Medvednica,3,0.09535918626827718,0.0872258593638738,3,Ivan__ica and Medvednica
Arequipa Coastal Valleys,3,0.09535918626827718,0.17787887652715048,1,landscape_valley_arid
Conception Pines,3,0.09535918626827718,0.10883562763532002,1,Chilo Island
Yellow guardrail reflectors,3,0.09535918626827718,0.1076220025618871,2,Aragn Bollards
Plovdiv region,3,0.09535918626827718,0.08149278908967972,1,landscape_flatland_temperate
Town signs,3,0.09535918626827718,0.07114797582228978,2,landscape_flatland_temperate
Vitosha Mountain,3,0.09535918626827718,0.0756415290137132,1,Tucumn
Long antenna with tape,3,0.09535918626827718,0.10547550519307454,1,camera_meta
Fat White Border France,3,0.09535918626827718,0.16548136621713638,2,chevron
Red Cycling Sign,3,0.09535918626827718,0.097165048122406,3,road_sign
Chaitn Area,3,0.09535918626827718,0.09004354414840539,2,Chaitn Area
Munich Street Signs,3,0.09535918626827718,0.08662464718023936,2,road_sign
Timber Frames,3,0.09535918626827718,0.11054816221197446,1,building_facade
Italian architecture,3,0.09535918626827718,0.09920069326957066,1,script_latin
Sask white dashes between lines,3,0.09535918626827718,0.09424810359875362,1,bollard_design
Quebec pole stickers,3,0.09535918626827718,0.07305865983168285,1,Qubec poles
Manitoba stop signs,3,0.09535918626827718,0.09463522334893544,1,landscape_prairie
"""Smokey"" with thin aspens",3,0.09535918626827718,0.10355751713116963,1,vegetation_forest_temperate
Grassland,3,0.09535918626827718,0.05158350616693497,2,"Crdoba, Buenos Aires and Santiago del Estero."
USV unique car,3,0.09535918626827718,0.1639508679509163,2,Chilo Island
Checkboard sign,3,0.09535918626827718,0.09071870769063632,1,Qubec bollards
Western Mountains,3,0.09535918626827718,0.047777759532133736,3,landscape_glacier
RP23,3,0.09535918626827718,0.18300167098641396,2,car_meta
Parque Nacional Los Cardones,3,0.09535918626827718,0.07668061678608258,2,vegetation_cacti
RN12,3,0.09535918626827718,0.15249587719639143,1,road_dirt
Sask stop sign white triangles.,3,0.09535918626827718,0.12331810345252354,1,landscape_prairie
Yukon River & hills,3,0.09535918626827718,0.09137871613105138,1,landscape_arctic
RP1,3,0.09535918626827718,0.36790966987609863,1,road_coastal
NSW red no stopping sign,3,0.09535918626827718,0.1364654873808225,1,road_sign
wa pole metas,3,0.09535918626827718,0.11534143487612407,1,pole_bird
Creswell South,3,0.09535918626827718,0.1568464475373427,1,landscape_flatland
Exposed rock,3,0.09535918626827718,0.10176323850949605,2,Park Prirode _umberak
Vineyards,3,0.09535918626827718,0.20676381389300028,1,vegetation_vineyard
QLD non south-east pole marking,3,0.09535918626827718,0.16276017824808756,1,pole_marker
Alice Springs Circle,3,0.09535918626827718,0.29858242472012836,2,landscape_canyon
Canary Bollard on Mainland,3,0.09535918626827718,0.04697548349698385,3,chevron
Gregory,3,0.09535918626827718,0.10630532850821812,1,car_meta
95,3,0.09535918626827718,0.12187903622786204,1,car_meta
Word for street - RUA,3,0.09535918626827718,0.12070615589618683,3,phone_code
Mari Menuco,3,0.09535918626827718,0.09762878964344661,2,landscape_soil
Car Meta - Yellow Car,3,0.09535918626827718,0.08616842702031136,2,landscape_fog
Pines,3,0.09535918626827718,0.04624921828508377,2,vegetation_forest_boreal
Landscape - Kauai,3,0.09535918626827718,0.07251507168014844,3,landscape_hills_tropical
Esprito Santo - Exposed rock,3,0.09535918626827718,0.039772203812996544,2,Esprito Santo - Exposed rock
Vegetation - Macaw Palm,3,0.09535918626827718,0.09598983203371365,2,Maranho wide insulators
Maranho wide insulators,3,0.09535918626827718,0.08996429294347763,1,Maranho wide insulators
Tocantins Grass,3,0.09535918626827718,0.08842092255751292,1,Aai Palms
Piau road,3,0.09535918626827718,0.11543108026186626,1,Piau road
Vegetation - Parana Pine,3,0.09535918626827718,0.1164122646053632,1,Paran pines
Lima Gen 3 Landscape,3,0.09535918626827718,0.05871388937036196,1,camera_meta
Iruya,3,0.09535918626827718,0.13185295214255652,2,landscape_hills_arid
Alpine Landscape,3,0.09535918626827718,0.13266936441262564,2,landscape_alpine
Poland,3,0.09535918626827718,0.13284302006165186,2,people_seastars
Alpine Architecture,3,0.09535918626827718,0.08221196879943211,2,building_facade
"Suffix ""-hofen""",3,0.09535918626827718,0.07903480778137843,3,building_roof
Lots of vineyards,3,0.09535918626827718,0.07245319585005443,3,Po_ega valley
Long Megalong,3,0.09535918626827718,0.07447815189758937,1,vegetation_forest_temperate
Caucasus mountains,3,0.09535918626827718,0.05784794191519419,2,landscape_mountains_temperate
Ladder poles,3,0.09535918626827718,0.09391005213061969,1,script_catalan
Spain,3,0.09535918626827718,0.10714181512594223,2,script_catalan
Olive Plantations,3,0.09535918626827718,0.0627146636446317,1,vegetation_greenhouse
Olive Trees East Coast,3,0.09535918626827718,0.04494169478615125,2,script_catalan
Generation 4,3,0.09535918626827718,0.05919325972596804,3,camera_meta
Sardinia Grey Rocks,2,0.06357279084551812,0.12292766943573952,1,landscape_rock
Swedish Gyatt,2,0.06357279084551812,0.16846996545791626,1,phone_code
Landscape - Coastal Big Island,2,0.06357279084551812,0.1488265097141266,2,landscape_coastline_tropical
Car meta - Pickup,2,0.06357279084551812,0.16369914263486862,1,car_type
Rocky Mountains,2,0.06357279084551812,0.1198132298886776,1,landscape_mountains_arid
Ruta 2 East & Various El Alto Plain Roads,2,0.06357279084551812,0.19885152578353882,1,landscape_grassland_temperate
Stone buildings,2,0.06357279084551812,0.1053478941321373,1,building_facade
"Ruta 1, Machacamarca To Challapata",2,0.06357279084551812,0.09320090711116791,1,landscape_desert
Zagreb street name signs,2,0.06357279084551812,0.07911785319447517,2,landscape_sign
Munich surroundings Bus Stop,2,0.06357279084551812,0.1589890718460083,2,landscape_sign
Yellow plates,2,0.06357279084551812,0.2517690062522888,1,building_roof
"Ruta 6, Sora Sora To Pocoata",2,0.06357279084551812,0.07384169101715088,2,camera_meta
Thatched roofs,2,0.06357279084551812,0.08809041231870651,1,building_roof
Green-LVR-Top,2,0.06357279084551812,0.044866036623716354,2,Paran Pines
Green Tree Marks,2,0.06357279084551812,0.07474207505583763,1,bollard_design
Stone walls,2,0.06357279084551812,0.10954436287283897,1,landscape_hills_temperate
Villa Pehuenia,2,0.06357279084551812,0.03503669053316116,2,landscape_hills_temperate
Northeast tree marking,2,0.06357279084551812,0.07603674754500389,2,bollard_design
LVR Bollard Top,2,0.06357279084551812,0.05930034630000591,2,bollard_design
Mud houses,2,0.06357279084551812,0.1478034183382988,1,building_facade
Pole 7 Digits Vertical,2,0.06357279084551812,0.10843556746840477,2,pole_marker
Political Logos Amazonas,2,0.06357279084551812,0.08095550164580345,2,landscape_hills
Cajamarca Gen 4,2,0.06357279084551812,0.05052309110760689,1,landscape_fog
Antioquia pole paint,2,0.06357279084551812,0.09322438761591911,2,landscape_hills_tropical
Amazonas 8B,2,0.06357279084551812,0.08604695275425911,2,landscape_hills_tropical
Road X-753,2,0.06357279084551812,0.09934168681502342,2,landscape_mountains
Patagonia National Park,2,0.06357279084551812,0.10830840840935707,2,landscape_hills_temperate
Cajamarca Jaen Offroads,2,0.06357279084551812,0.04138308763504028,2,landscape_hills_tropical
Huanuco 14A,2,0.06357279084551812,0.09478001296520233,1,landscape_hills_tropical
RN40 in Catamarca,2,0.06357279084551812,0.07736919820308685,2,car_meta
RP51,2,0.06357279084551812,0.12492791935801506,1,car_meta
La Serena Historic Center,2,0.06357279084551812,0.06582213193178177,2,infrastructure_industrial
Piura SW Landscape,2,0.06357279084551812,0.22634673118591309,1,landscape_flatland_arid
East on Ruta 60,2,0.06357279084551812,0.0700604822486639,1,road_divided
Bin with orange lid,2,0.06357279084551812,0.06246070936322212,2,Chilo Island
Agriculture - Corn,2,0.06357279084551812,0.10267011448740959,2,vegetation_corn
Piped signs,2,0.06357279084551812,0.05044811964035034,2,road_coastal
Nusa pole,2,0.06357279084551812,0.06936298124492168,2,landscape_hills_tropical
Vegetation - Hazelnuts,2,0.06357279084551812,0.03191397059708834,1,Park Prirode _umberak
September | No Car (No Antenna),2,0.06357279084551812,0.04455754719674587,2,camera_meta
Yellow license plates,2,0.06357279084551812,0.049688614904880524,1,Paran Pines
Bulkier antenna tip,2,0.06357279084551812,0.045895569026470184,2,Park Prirode _umberak
Netherlands,2,0.06357279084551812,0.15739213675260544,1,phone_code
"Cobbled Road, Ruta 23, Section SE of Cochabamba",2,0.06357279084551812,0.07656266167759895,1,landscape_hills
Vegetation - Tocantins Grass,2,0.06357279084551812,0.11100390180945396,1,Piau road
Bahia and Pernambuco pole markings,2,0.06357279084551812,0.14714429527521133,1,Cear lamps
Cear lamps,2,0.06357279084551812,0.16233278810977936,1,Cear lamps
Asymmetric mushroom-like insulator pole,2,0.06357279084551812,0.08494443818926811,2,pole_shape
Blindingly white soil,2,0.06357279084551812,0.08462422341108322,1,landscape_soil
Southwest wineyards,2,0.06357279084551812,0.1953168585896492,1,vegetation_vineyard
"Lithuania, Poland Shared Latin Letters",2,0.06357279084551812,0.09922044724225998,1,script_latin
Long Black B-Type,2,0.06357279084551812,0.06876503676176071,1,camera_meta
Small alternating hooks,2,0.06357279084551812,0.10366732627153397,1,landscape_hills_temperate
Balkan Mountain trekker,2,0.06357279084551812,0.04439475014805794,2,Park Prirode _umberak
Plovdiv street signs,2,0.06357279084551812,0.10500865429639816,1,landscape_sign
Ancash 1N Landscape,2,0.06357279084551812,0.09426433965563774,1,landscape_desert
The Carpathian Mountains,2,0.06357279084551812,0.06806246191263199,2,landscape_hills_temperate
Stop signs,2,0.06357279084551812,0.05353253148496151,1,bollard_design
Rock Walls,2,0.06357279084551812,0.04519241489470005,1,building_facade
Arequipa Camana/Punta de Bombon,2,0.06357279084551812,0.06951450183987617,1,landscape_farm
Cali three stripes,2,0.06357279084551812,0.11504139378666878,1,infrastructure_industrial
Rice,2,0.06357279084551812,0.07899041101336479,2,vegetation_corn
North Munich hop fields,2,0.06357279084551812,0.07577284798026085,1,Baden-Wrttemberg
Arch Roofs,2,0.06357279084551812,0.08225369080901146,1,building_facade
Quebec stop sign.,2,0.06357279084551812,0.05441982112824917,1,Qubec French speed limit signs
Drink Market Fristo,2,0.06357279084551812,0.06951969861984253,2,landscape_plain_temperate
Barolo Wine Region,2,0.06357279084551812,0.046469428576529026,2,script_latin
Hills,2,0.06357279084551812,0.06373810209333897,2,car_type
Red hydrant with yellow marker,2,0.06357279084551812,0.16387396305799484,1,hydrant
Mainz Street Sign,2,0.06357279084551812,0.08302864618599415,2,road_sign
White Black Gen 4 Car,2,0.06357279084551812,0.11517024971544743,2,bin
Very Flat/Mountainous,2,0.06357279084551812,0.05298094265162945,2,landscape_glacier
Directional Signs,2,0.06357279084551812,0.04390179179608822,1,road_sign
June/July | No Car (Antenna),2,0.06357279084551812,0.057138100266456604,2,camera_meta
Salta,2,0.06357279084551812,0.2302304282784462,2,landscape_ridge_arid
Y-150 and Y-156 in Torres del Paine,2,0.06357279084551812,0.08254667185246944,2,landscape_alpine
South Africa,2,0.06357279084551812,0.09791788458824158,1,phone_code
Infrastructure - Roraima Lamps,2,0.06357279084551812,0.08763233199715614,2,Cear lamps
Road W-887,2,0.06357279084551812,0.12102948501706123,1,road_gravel
B-Type Guardrails,2,0.06357279084551812,0.09663870558142662,2,bollard_shape
License plates,2,0.06357279084551812,0.06945422105491161,2,infrastructure_lamps
Frontier-style architecture,2,0.06357279084551812,0.069354347884655,1,building_facade
A33 Lush Landscape,2,0.06357279084551812,0.05947753228247166,1,landscape_savannah
Lake Mburo - Black Soil,2,0.06357279084551812,0.05039774626493454,1,landscape_soil
April | No Car (No Antenna),2,0.06357279084551812,0.06601124443113804,2,Park Prirode _umberak
Peru Smallcam,2,0.06357279084551812,0.0384617205709219,2,landscape_hills_tropical
RP47,2,0.06357279084551812,0.07724229246377945,2,landscape_hills_arid
"Ruta 5, Sucre To Aiquile",2,0.06357279084551812,0.17120236158370972,1,road_cobbled
Unique street sign,2,0.06357279084551812,0.05773384869098663,2,road_sign
LT Symbol,2,0.06357279084551812,0.04464010428637266,1,landscape_soil
Minnesota black-and-white marker,2,0.06357279084551812,0.05440113693475723,2,Stop and Arrt signs
Railway Crossing,2,0.06357279084551812,0.08793266490101814,2,road_sign
45¡ angle transformers,2,0.06357279084551812,0.17099879495799541,1,45¡ angle transformers
Brittlebush,2,0.06357279084551812,0.04225711710751057,2,vegetation_shrubland_arid
"""Manitoba"" dirt",2,0.06357279084551812,0.15339184179902077,1,landscape_soil
Street sign layout,2,0.06357279084551812,0.1053154431283474,1,hydrant
Tree plantations,2,0.06357279084551812,0.09120758809149265,2,landscape_hills_temperate
Pole Top,2,0.06357279084551812,0.0645298957824707,2,pole_shape
SA stobie pole,2,0.06357279084551812,0.09229506924748421,1,pole_bird
Tree Plantations,2,0.06357279084551812,0.11743707209825516,2,chevron
Give way sign,2,0.06357279084551812,0.15345003828406334,1,road_sign
Volcn Tromen,2,0.06357279084551812,0.3442985638976097,1,Volcn Tromen
QLD black paint,2,0.06357279084551812,0.16667600721120834,1,phone_code
Pole ENOSA,2,0.06357279084551812,0.06071090325713158,2,pole_marker
Coverage Meta - Andaman Vibes,2,0.06357279084551812,0.062276581302285194,2,landscape_hills_tropical
Landscape - Red soil,2,0.06357279084551812,0.09119314327836037,1,landscape_hills_temperate
Roads south of Resistencia,2,0.06357279084551812,0.09778374433517456,2,road_dirt
La Rioja,2,0.06357279084551812,0.14513707533478737,1,vegetation_grassland
RN7,2,0.06357279084551812,0.27973879873752594,1,road_divided
Double Guardrails,2,0.06357279084551812,0.06956766918301582,2,guardrail
Sugarcane plantations,2,0.06357279084551812,0.1649290695786476,1,vegetation_crops
Aragon Bollards,2,0.06357279084551812,0.12476268410682678,1,Aragn Bollards
Catalan Independence Flag,2,0.06357279084551812,0.11625111103057861,2,script_catalan
Santo Domingo street name signs,2,0.06357279084551812,0.09852060675621033,1,landscape_hills_tropical
Volcanoes,2,0.06357279084551812,0.10078577697277069,1,landscape_valley
Musala trekker,2,0.06357279084551812,0.056010520085692406,2,Baden-Wrttemberg
Banana Plants,2,0.06357279084551812,0.12129994481801987,1,vegetation_fruit
Basque Language,2,0.06357279084551812,0.1548035591840744,2,script_basque
South,2,0.06357279084551812,0.05142330378293991,2,car_meta
Agriculture - Sunflower,2,0.06357279084551812,0.0539110628888011,1,vegetation_corn
Language - Bengali,2,0.06357279084551812,0.1296529620885849,1,script_bengali
Buddhism,2,0.06357279084551812,0.0896369032561779,1,buddhism
Western roofs,2,0.06357279084551812,0.12608173489570618,1,building_roof
Coconut Palm Trees,2,0.06357279084551812,0.04392749257385731,2,infrastructure_lamp
Teal roofs,2,0.06357279084551812,0.14289874210953712,1,buddhism
Flat Landscape,2,0.06357279084551812,0.06944404356181622,1,building_facade
Wind Turbines,2,0.06357279084551812,0.08757873624563217,2,infrastructure_wind
Street name ending - vej,2,0.06357279084551812,0.13648220896720886,1,script_latin
"Denmark, Norway, Sweden Shared Latin Letters",2,0.06357279084551812,0.1352631412446499,1,script_latin
Follow car,2,0.06357279084551812,0.08309580199420452,2,car_type
Blue plates,2,0.06357279084551812,0.04349842853844166,2,car_meta
Car Meta - Boxy Car,2,0.06357279084551812,0.04628627002239227,1,car_type
Cacti,2,0.06357279084551812,0.09413521736860275,2,vegetation_cacti
Prato Valley,1,0.03178639542275906,0.053182706236839294,1,vegetation_greenhouse
Infrastructure - Windfarms,1,0.03178639542275906,0.05002441629767418,1,landscape_farm
Highway 15,1,0.03178639542275906,0.058272480964660645,1,landscape_savannah
Car meta,1,0.03178639542275906,0.23529395461082458,1,car_meta
Lithuania Unique Latin Letters,1,0.03178639542275906,0.09062586724758148,1,script_latin
Short Tilted,1,0.03178639542275906,0.07917549461126328,1,camera_meta
Tel-Aviv Parking,1,0.03178639542275906,0.07602882385253906,1,phone_code
La Serena Beach Road,1,0.03178639542275906,0.058645110577344894,1,landscape_coastline
Tucked-in Czechia,1,0.03178639542275906,0.07661516219377518,1,script_latin
Beach sheoaks,1,0.03178639542275906,0.04785292595624924,1,vegetation_coastline
San Juan,1,0.03178639542275906,0.14736679196357727,1,vegetation_vineyard
Landscape - Alexander Archipelago Landscape,1,0.03178639542275906,0.054138582199811935,1,landscape_hills_tropical
6-lane Divided Highway in Autumn,1,0.03178639542275906,0.0961015373468399,1,road_divided
Sabah pole,1,0.03178639542275906,0.08896076679229736,1,vegetation_forest_tropical
Pyramid shaped peaks,1,0.03178639542275906,0.12087247520685196,1,statue
N-55 Gen 3,1,0.03178639542275906,0.07305695116519928,1,landscape_soil
Punta del Este,1,0.03178639542275906,0.035849157720804214,1,vegetation_trees
Palm Trees,1,0.03178639542275906,0.05040435120463371,1,landscape_urban
Italy,1,0.03178639542275906,0.04029706120491028,1,phone_code
Coastal and Southern,1,0.03178639542275906,0.1294674575328827,1,vegetation_forest_temperate
Mediterranean climate,1,0.03178639542275906,0.03941579535603523,1,vegetation_vineyard
Via del Mar Coastline,1,0.03178639542275906,0.05199173837900162,1,Via del Mar Coastline
Infrastructure - Wind Turbine,1,0.03178639542275906,0.11346974968910217,1,infrastructure_wind
Zeester,1,0.03178639542275906,0.08651135861873627,1,bollard_shape
Puno Juliaca,1,0.03178639542275906,0.040871791541576385,1,landscape_desert
"Ruta 9, South section",1,0.03178639542275906,0.3910951614379883,1,road_paved
"Cobbled Road, Through Cliza",1,0.03178639542275906,0.05330206826329231,1,road_cobbled
"Ruta 31, Oruro To Panduro",1,0.03178639542275906,0.050150152295827866,1,landscape_desert
Volcn Diamante,1,0.03178639542275906,0.12498337030410767,1,Volcn Diamante
City,1,0.03178639542275906,0.09861063957214355,1,landscape_desert
E40 Salinas-Guayaquil,1,0.03178639542275906,0.09524115920066833,1,infrastructure_road
Light coloured rock walls,1,0.03178639542275906,0.04512004554271698,1,Carnaba palms
Santiago de los Caballeros street signs,1,0.03178639542275906,0.04819895327091217,1,building_facade
Language - Oriya,1,0.03178639542275906,0.08494701981544495,1,pole_shape
Jute,1,0.03178639542275906,0.07726648449897766,1,vegetation_tea
Lined oak trees,1,0.03178639542275906,0.038554221391677856,1,vegetation_trees
European architecture,1,0.03178639542275906,0.05262050777673721,1,building_facade
Flat-Arm-on-Inside Germany,1,0.03178639542275906,0.07010508328676224,1,tram
Romania Unique Latin Letters,1,0.03178639542275906,0.1028648391366005,1,script_cyrillic
Romania,1,0.03178639542275906,0.04918641969561577,1,road_sign
Dagestan landscape,1,0.03178639542275906,0.04869807884097099,1,script_cyrillic
Po_ega valley,1,0.03178639542275906,0.07900698482990265,1,Po_ega valley
Rhineland-Palatinate Orange Bollards,1,0.03178639542275906,0.06392350792884827,1,Baden-Wrttemberg
Southland Pole Guard ,1,0.03178639542275906,0.06913924217224121,1,pole_shape
Manitoba license plates,1,0.03178639542275906,0.041263796389102936,1,landscape_hills_temperate
Quebec guardrail bollards,1,0.03178639542275906,0.11061573773622513,1,Qubec bollards
Qubec bollards,1,0.03178639542275906,0.0930846780538559,1,Qubec bollards
Saskatoon Transit,1,0.03178639542275906,0.09184358268976212,1,traffic_light
Alberta bollards,1,0.03178639542275906,0.05675489827990532,1,vegetation_forest_temperate
Tasmania pole metas,1,0.03178639542275906,0.09412933886051178,1,Chilo Island
Tightly Packed Wooden Fences,1,0.03178639542275906,0.06700406968593597,1,landscape_hills_temperate
Eucalyptus Trees,1,0.03178639542275906,0.056322015821933746,1,vegetation_forest
66 Warumungu-Camooweal,1,0.03178639542275906,0.19997937977313995,1,car_meta
Bilingual Signs,1,0.03178639542275906,0.08066245168447495,1,script_european
Macaw palms,1,0.03178639542275906,0.08186329901218414,1,Aai Palms
Agriculture - Sugarcane,1,0.03178639542275906,0.0815543532371521,1,vegetation_crops
Double concrete pole,1,0.03178639542275906,0.027819672599434853,1,pole_shape
"Flat, barren landscape",1,0.03178639542275906,0.09801047295331955,1,car_meta
The Rocky Mountains,1,0.03178639542275906,0.10772845894098282,1,landscape_mountains
Bird Pole,1,0.03178639542275906,0.04463570564985275,1,landscape_soil_arid
NSW yellow plates.,1,0.03178639542275906,0.19142743945121765,1,phone_code
RP24 & RP3,1,0.03178639542275906,0.052362874150276184,1,landscape_ridge_arid
Aragn Bollards,1,0.03178639542275906,0.06873640418052673,1,Aragn Bollards
Sea of Plastic,1,0.03178639542275906,0.057929836213588715,1,vegetation_greenhouse
"Ruta 25, Morochata",1,0.03178639542275906,0.06231080740690231,1,landscape_hills
Tuscany - Landscape,1,0.03178639542275906,0.055220261216163635,1,Park Prirode _umberak
Huanuco 12A,1,0.03178639542275906,0.08752814680337906,1,landscape_fog
Landscape - Red Soil,1,0.03178639542275906,0.03335218504071236,1,landscape_hills_temperate
Puyehue National Park,1,0.03178639542275906,0.04416181147098541,1,road_dirt_tropical
Coffee beans,1,0.03178639542275906,0.1188947930932045,1,vegetation_crops
Vegetation - Khasi Pines,1,0.03178639542275906,0.07725474238395691,1,vegetation_forest_temperate
Sal forests,1,0.03178639542275906,0.11737283319234848,1,vegetation_forest_temperate
Sylhet brick,1,0.03178639542275906,0.06831959635019302,1,building_roof
Vegetation - Chir Pines,1,0.03178639542275906,0.18685895204544067,1,vegetation_forest
Sandy Soil,1,0.03178639542275906,0.0926792249083519,1,vegetation_shrubland
Carnaba palms,1,0.03178639542275906,0.06994062662124634,1,Carnaba palms
Architecture - Triangle Metal Roofs,1,0.03178639542275906,0.04351678863167763,1,vegetation_forest_temperate
Landscape - Assam - North Mountains,1,0.03178639542275906,0.06038539856672287,1,landscape_mountains
Rio Grande do Sul pavement,1,0.03178639542275906,0.06678755581378937,1,road_paved
Piura East Dry Hills,1,0.03178639542275906,0.04311512038111687,1,landscape_hills_arid
"Ruta 5, Chaco, Sunset Coverage",1,0.03178639542275906,0.19617751240730286,1,vegetation_cacti
Puno Lake Titicaca,1,0.03178639542275906,0.03764965757727623,1,landscape_hills
Landscape - Western Rajasthan Landscape,1,0.03178639542275906,0.09840081632137299,1,landscape_desert
4 Stripes + Hat Bulgaria,1,0.03178639542275906,0.08915619552135468,1,people_seastars
Greek lamps,1,0.03178639542275906,0.08356697112321854,1,pole_shape
N-31 Mountain Pass,1,0.03178639542275906,0.19123104214668274,1,landscape_mountains_temperate
Ontario pole tops,1,0.03178639542275906,0.10997690260410309,1,45¡ angle transformers
Logo streetsign,1,0.03178639542275906,0.0863804891705513,1,road_sign
Yellow traffic light,1,0.03178639542275906,0.09626586735248566,1,traffic_light
Quebec double sign post,1,0.03178639542275906,0.08027835935354233,1,guardrail
Common design hydrant,1,0.03178639542275906,0.09551234543323517,1,bin
Junin Huancayo,1,0.03178639542275906,0.0772395133972168,1,script_south_american
Ruta 12 & Unnamed Roads Around Sabaya & Chipaya,1,0.03178639542275906,0.2097524106502533,1,landscape_desert
Pole ICASAC and HHSAC,1,0.03178639542275906,0.05254003405570984,1,landscape_sky
Omsk landscape,1,0.03178639542275906,0.06350786983966827,1,landscape_fields
Qubec traffic cones,1,0.03178639542275906,0.05182546749711037,1,Qubec traffic cones
Stop and Arrt signs,1,0.03178639542275906,0.05112976208329201,1,Stop and Arrt signs
Green bus stop,1,0.03178639542275906,0.09908538311719894,1,sign_information
Alaska license plates,1,0.03178639542275906,0.032813623547554016,1,Chaitn Area
South Fields,1,0.03178639542275906,0.07033422589302063,1,vegetation_forest_temperate
Alberta bollard,1,0.03178639542275906,0.11630579829216003,1,bollard_design
Black lamps,1,0.03178639542275906,0.13619865477085114,1,traffic_light
Black middle street light,1,0.03178639542275906,0.14577734470367432,1,infrastructure_lamp
Ontario speed signs,1,0.03178639542275906,0.08994527161121368,1,road_sign
Wooden street sign,1,0.03178639542275906,0.07322058081626892,1,road_sign
Square guardrail,1,0.03178639542275906,0.03803616017103195,1,vegetation_forest_temperate
Poorly-tracked dirt roads,1,0.03178639542275906,0.05389607697725296,1,road_dirt
Sunflowers,1,0.03178639542275906,0.06841694563627243,1,vegetation_vineyard
Peru South Desert,1,0.03178639542275906,0.040730688720941544,1,bollard_design
Brod Posavina hills,1,0.03178639542275906,0.047515835613012314,1,Po_ega valley
North white aspen trees,1,0.03178639542275906,0.14395137131214142,1,traffic_light
Ontario guard rails,1,0.03178639542275906,0.06119084730744362,1,Qubec traffic cones
Ontario wooden guardrail posts,1,0.03178639542275906,0.05497308820486069,1,guardrail
Number street sign,1,0.03178639542275906,0.058539699763059616,1,road_sign
Vegetation - Areca Palm,1,0.03178639542275906,0.052698563784360886,1,vegetation_trees
Halifax Transit,1,0.03178639542275906,0.06953678280115128,1,Qubec traffic cones
Minnesota bridge signs,1,0.03178639542275906,0.04313010349869728,1,road_sign
Far North,1,0.03178639542275906,0.14861266314983368,1,landscape_arctic
Futaleuf National Reserve,1,0.03178639542275906,0.08130431175231934,1,vegetation_forest_temperate
Concrete barriers,1,0.03178639542275906,0.12283363938331604,1,landscape_mountains
Nebraska Sandhills,1,0.03178639542275906,0.10465890169143677,1,landscape_hills_temperate
Quebec rectangle markers,1,0.03178639542275906,0.07606372237205505,1,Qubec bollards
Tall dense trees,1,0.03178639542275906,0.18223117291927338,1,vegetation_forest_temperate
Hilliness,1,0.03178639542275906,0.07658805698156357,1,landscape_soil
Green and white striped sticker,1,0.03178639542275906,0.11897262185811996,1,sticker
Secondary crossbeam,1,0.03178639542275906,0.0980055034160614,1,45¡ angle transformers
Unique City,1,0.03178639542275906,0.037037596106529236,1,building_facade
Orange snow pole,1,0.03178639542275906,0.05603168159723282,1,Stop and Arrt signs
Asymmetrical road lanes and bollards,1,0.03178639542275906,0.13116873800754547,1,road_divided
RN38,1,0.03178639542275906,0.09304039925336838,1,landscape_ridge_arid
Pampas Region,1,0.03178639542275906,0.09434685111045837,1,"Crdoba, Buenos Aires and Santiago del Estero."
RN237,1,0.03178639542275906,0.4654017686843872,1,car_meta
Vermont license plates,1,0.03178639542275906,0.0330265611410141,1,landscape_mountains_temperate
Munich Trams/busses,1,0.03178639542275906,0.11843843758106232,1,tram
Traditional architecture,1,0.03178639542275906,0.09909191727638245,1,building_roof
Kansai transformers,1,0.03178639542275906,0.04291312396526337,1,infrastructure_industrial
Eastern Hills,1,0.03178639542275906,0.05979030206799507,1,landscape_soil
"Ruta 7 & Unnamed Road, Totora To Tiraque",1,0.03178639542275906,0.09266461431980133,1,landscape_hills_arid
"Ruta 12, Ancaravi To Hauchacella",1,0.03178639542275906,0.4770658612251282,1,landscape_hills_arid
Cusco East Landscape,1,0.03178639542275906,0.06667569279670715,1,landscape_hills
"Ruta 4, SW of Patacamaya, Grainy Road",1,0.03178639542275906,0.347475528717041,1,landscape_grassland
"Ruta 6, Sucre To Macha",1,0.03178639542275906,0.12912079691886902,1,landscape_plateau_arid
Infrastructure - Crossbar with no support,1,0.03178639542275906,0.07227896898984909,1,Carnaba palms
Paran pole markings,1,0.03178639542275906,0.10639413446187973,1,Paran pole markings
Acre red brick road,1,0.03178639542275906,0.049609024077653885,1,road_cobbled
Blue water tanks,1,0.03178639542275906,0.12511800229549408,1,Cear lamps
Ceara pole top,1,0.03178639542275906,0.08077068626880646,1,Cear lamps
Babassu Palms,1,0.03178639542275906,0.08091884106397629,1,Maranho wide insulators
"City Roads, Potosi",1,0.03178639542275906,0.08490853011608124,1,landscape_plateau_arid
Carnauba Palms,1,0.03178639542275906,0.18421567976474762,1,Carnaba palms
Short antenna with tape,1,0.03178639542275906,0.07468075305223465,1,camera_meta
Hanging Jacket Slovakia,1,0.03178639542275906,0.07995067536830902,1,script_latin
Concrete roads,1,0.03178639542275906,0.05302327498793602,1,landscape_hills_tropical
Loreto South Iquitos Pavement,1,0.03178639542275906,0.052669309079647064,1,landscape_hills_tropical
"Ruta 1, Challapata To Guindal",1,0.03178639542275906,0.025892842561006546,1,camera_meta
Krk island landscape,1,0.03178639542275906,0.06243499368429184,1,Chilo Island
White flower,1,0.03178639542275906,0.051581598818302155,1,vegetation_floral
Long Black CB-Type,1,0.03178639542275906,0.04090369865298271,1,vegetation_forest_temperate
Hungarian Language,1,0.03178639542275906,0.03370986506342888,1,camera_meta
Bucharest Street Sign,1,0.03178639542275906,0.029384460300207138,1,statue
February | No Car (No Antenna),1,0.03178639542275906,0.03226180747151375,1,script_cyrillic
Highway Signs,1,0.03178639542275906,0.12685805559158325,1,chevron
Greek harp pole,1,0.03178639542275906,0.030753333121538162,1,statue
Zagreb,1,0.03178639542275906,0.08010952174663544,1,tram
Nessebar/Sozopol,1,0.03178639542275906,0.08844035118818283,1,statue
Medvednica,1,0.03178639542275906,0.10331844538450241,1,Park Prirode _umberak
holey pole,1,0.03178639542275906,0.05174371227622032,1,pole_shape
RP46,1,0.03178639542275906,0.03971733897924423,1,landscape_mountains_arid
Moquegua 108,1,0.03178639542275906,0.14224056899547577,1,landscape_valley_arid
Moquegua Bollard,1,0.03178639542275906,0.05589936301112175,1,bollard_design
Cloudy mountains,1,0.03178639542275906,0.045495741069316864,1,landscape_mountains_temperate
Ruta 41 Gen 4,1,0.03178639542275906,0.19974982738494873,1,landscape_alpine
Flat with lush green mountains and hills,1,0.03178639542275906,0.06012290343642235,1,landscape_mountains_temperate
RN86,1,0.03178639542275906,0.11838484555482864,1,road_dirt
Hualpn Peninsula Gen 4,1,0.03178639542275906,0.026760349050164223,1,landscape_valley
Ruta 11 in the Mountains,1,0.03178639542275906,0.12442032992839813,1,landscape_valley_arid
Rutas 201/203,1,0.03178639542275906,0.313629686832428,1,landscape_lake_wet
Car with 4 Stripes and a White Sticker in the Desert,1,0.03178639542275906,0.040724508464336395,1,landscape_mountains_arid
Ancash/LaLibertad Border Road,1,0.03178639542275906,0.14955268800258636,1,landscape_mountains
Ruta 11 River Valley,1,0.03178639542275906,0.1387823224067688,1,landscape_valley_arid
Vertical Black Sticker - 5 digits,1,0.03178639542275906,0.06942639499902725,1,Chilo Island
Vegetation - Dead Trees,1,0.03178639542275906,0.07111956924200058,1,landscape_plateau_arid
Pole marking,1,0.03178639542275906,0.08401878923177719,1,road_marker
Isolated rock formations,1,0.03178639542275906,0.09132716804742813,1,landscape_rock
Pickup truck,1,0.03178639542275906,0.057161714881658554,1,landscape_desert
Ruta 115,1,0.03178639542275906,0.036764271557331085,1,landscape_valley_temperate
Huancavelica Gen 4,1,0.03178639542275906,0.03456100448966026,1,landscape_mountains_tropical
Octagonal pole,1,0.03178639542275906,0.03278149291872978,1,car_meta
Lago Salinas Grande,1,0.03178639542275906,0.11253231763839722,1,vegetation_cacti
Cusco 30C and Puno 34B,1,0.03178639542275906,0.06432186812162399,1,landscape_hills_tropical
Red Bricks,1,0.03178639542275906,0.05321291834115982,1,building_facade
Bremen Trashbin,1,0.03178639542275906,0.07925688475370407,1,script_latin
Ladder Poles,1,0.03178639542275906,0.07880016416311264,1,pole_shape
Generation 2,1,0.03178639542275906,0.051933128386735916,1,camera_meta
Catamarca,1,0.03178639542275906,0.09820008277893066,1,vegetation_grassland
Sign Posts,1,0.03178639542275906,0.043862465769052505,1,post_sign
Amazonas Mountains,1,0.03178639542275906,0.13943447172641754,1,landscape_mountains_tropical
Semuliki - Water Drops,1,0.03178639542275906,0.03090609423816204,1,landscape_soil
Wooden Shingle Facade,1,0.03178639542275906,0.08395890146493912,1,building_facade
Hungary Unique Latin Letters,1,0.03178639542275906,0.0570899061858654,1,script_european
West Coast,1,0.03178639542275906,0.08813025057315826,1,vegetation_forest_temperate
Red numbers,1,0.03178639542275906,0.0430653840303421,1,script_latin
Saxony-Anhalt Yellow Posts,1,0.03178639542275906,0.07142767310142517,1,bollard_design
Landscape - Mechuka Valley,1,0.03178639542275906,0.036476314067840576,1,landscape_mountains_temperate
Okinawa plates,1,0.03178639542275906,0.04300573468208313,1,landscape_island
Silver Tag w/ Vertical Numbers,1,0.03178639542275906,0.058576881885528564,1,San Jos White Tag
Landscape - Mizoram Hills,1,0.03178639542275906,0.046844303607940674,1,landscape_mountains_tropical
Political Logos Ayacucho,1,0.03178639542275906,0.07432364672422409,1,sign_information
Mesh body pole,1,0.03178639542275906,0.12007210403680801,1,pole_shape
Yellow Plates,1,0.03178639542275906,0.08428747951984406,1,road_coastal
Landscape - Menderes Massif,1,0.03178639542275906,0.1765003800392151,1,vegetation_greenhouse
One sided pole top,1,0.03178639542275906,0.04627835005521774,1,buddhism
Lake District,1,0.03178639542275906,0.06436685472726822,1,landscape_hills_temperate
Town Entry Signs,1,0.03178639542275906,0.046618878841400146,1,road_sign
Tolbo Lake,1,0.03178639542275906,0.037049341946840286,1,camera_meta
Boomerang lamp,1,0.03178639542275906,0.10329007357358932,1,car_type
Gen 3 Cars,1,0.03178639542275906,0.0430556945502758,1,car_meta
RN34,1,0.03178639542275906,0.06936526298522949,1,road_paved
Tumbes Gen 3 Road,1,0.03178639542275906,0.1983528882265091,1,landscape_hills_arid
Huanuco 2024 Coverage,1,0.03178639542275906,0.06038970872759819,1,landscape_mountains_tropical
Black back of signs.,1,0.03178639542275906,0.125718891620636,1,Aai Palms
Huanta Landscape,1,0.03178639542275906,0.04729514941573143,1,vegetation_cacti
Sierra de La Ventana,1,0.03178639542275906,0.053273070603609085,1,landscape_hills_arid
Needle Grass,1,0.03178639542275906,0.15537336468696594,1,vegetation_grassland_temperate
RN40,1,0.03178639542275906,0.11658881604671478,1,landscape_mountains_arid
Sajama National Park Road,1,0.03178639542275906,0.04767148569226265,1,landscape_desert
Red white sign post,1,0.03178639542275906,0.09002953767776489,1,post_sign
Pole Pucallpa Sticker,1,0.03178639542275906,0.09651892632246017,1,pole_marker
Semuliki - Muddy Forest Paths,1,0.03178639542275906,0.14624769985675812,1,road_dirt_tropical
Rounded electric counter,1,0.03178639542275906,0.1443098783493042,1,infrastructure_industrial
A-31 Lush Mountains,1,0.03178639542275906,0.03668379411101341,1,guardrail
No hunting sign,1,0.03178639542275906,0.11887018382549286,1,bollard_design
Slate Roofs,1,0.03178639542275906,0.0432647205889225,1,Chilo Island
Word for street - RUE,1,0.03178639542275906,0.10343050956726074,1,script_latin
Slovenian Bilingual Signs,1,0.03178639542275906,0.04618646949529648,1,chevron
La Rioja Vineyards,1,0.03178639542275906,0.03625090420246124,1,Castilla y Len
French Pole Tops,1,0.03178639542275906,0.04054880887269974,1,vegetation_greenhouse
Rijeka mountains,1,0.03178639542275906,0.04237211123108864,1,landscape_ridge
Villarrica National Park,1,0.03178639542275906,0.04109002649784088,1,landscape_mountains_temperate
Flat with a mountain ridge,1,0.03178639542275906,0.04446154087781906,1,landscape_flatland_temperate
Direction Signs,1,0.03178639542275906,0.03719305619597435,1,script_latin
Blue traffic lights,1,0.03178639542275906,0.11762692034244537,1,phone_code
Pirin trekker,1,0.03178639542275906,0.07618707418441772,1,landscape_alpine
Sliven white cross,1,0.03178639542275906,0.029998572543263435,1,statue
Vegetation - Maritime Pine Forest,1,0.03178639542275906,0.12276162207126617,1,vegetation_trees
Landscape - Erzincan Plain,1,0.03178639542275906,0.07089350372552872,1,vegetation_vineyard
Sierra Nevada,1,0.03178639542275906,0.05887916684150696,1,vegetation_forest_arid
Yellow bands,1,0.03178639542275906,0.08638838678598404,1,pole_marker
Sandy roadsides,1,0.03178639542275906,0.13385722041130066,1,road_dirt
Lillehammer and Oppdal,1,0.03178639542275906,0.15549518167972565,1,vegetation_forest_boreal
Karelia and Murmansk rocks,1,0.03178639542275906,0.050462547689676285,1,car_meta
Douglas firs,1,0.03178639542275906,0.042888298630714417,1,vegetation_forest_temperate
Murmansk landscape,1,0.03178639542275906,0.07147552073001862,1,landscape_arctic
Weak-looking boreal trees,1,0.03178639542275906,0.08784233778715134,1,vegetation_forest_boreal
Front Plates on Motorcycles,1,0.03178639542275906,0.10577365010976791,1,Concepcin City Proper
Okinawa Transformers,1,0.03178639542275906,0.08870599418878555,1,infrastructure_industrial
South Coast,1,0.03178639542275906,0.11106865853071213,1,road_dashed
Five Stripe Finland,1,0.03178639542275906,0.2555590569972992,1,people_seastars
La Libertad Landscape,1,0.03178639542275906,0.09396763145923615,1,landscape_mountains_arid
"Denmark, Norway, Faroe Islands Shared Latin Letters",1,0.03178639542275906,0.14424455165863037,1,script_latin
French infrastructure,1,0.03178639542275906,0.048161908984184265,1,bollard_design
Blue-Corners Italy,1,0.03178639542275906,0.03955047205090523,1,script_european
Bus design,1,0.03178639542275906,0.0453498512506485,1,car_type
Cajamarca Town,1,0.03178639542275906,0.13409291207790375,1,building_facade
Extra Height Turkey,1,0.03178639542275906,0.04652378708124161,1,script_greek
Turkey,1,0.03178639542275906,0.05776868388056755,1,script_greek
North Macedonia Unique Cyrillic Letters,1,0.03178639542275906,0.15587465465068817,1,script_cyrillic
Landscape - Flat Forest,1,0.03178639542275906,0.11862765997648239,1,landscape_hills_tropical
Amazon,1,0.03178639542275906,0.18040625751018524,1,landscape_hills_tropical
Holey Poles,1,0.03178639542275906,0.08326739072799683,1,pole_shape
Brandenburg Post,1,0.03178639542275906,0.06281518191099167,1,bollard_shape
Mexico,1,0.03178639542275906,0.1417103409767151,1,script_latin
Fir Trees,1,0.03178639542275906,0.13546930253505707,1,vegetation_forest_temperate
Blue Myrtle Cacti,1,0.03178639542275906,0.040226761251688004,1,vegetation_cacti
Yellow lamp,1,0.03178639542275906,0.028204455971717834,1,infrastructure_industrial
Peru Copyright 2024,1,0.03178639542275906,0.12003757804632187,1,camera_meta
Ancash Gen 4 Landscape,1,0.03178639542275906,0.06177450343966484,1,landscape_mountains_tropical
Painted Poles,1,0.03178639542275906,0.05997558683156967,1,bollard_design
SA flat sign posts,1,0.03178639542275906,0.04054616764187813,1,landscape_hills_temperate
Lake Victoria-SA Border,1,0.03178639542275906,0.06065338850021362,1,vegetation_bush
License plate,1,0.03178639542275906,0.037446290254592896,1,car_meta
Infrastructure - Yellow Tuk Tuk / Black Roof,1,0.03178639542275906,0.23263196647167206,1,car_type
Las Palmas Bollard,1,0.03178639542275906,0.08657651394605637,1,script_catalan
June/July | No Car (No Antenna),1,0.03178639542275906,0.06087663769721985,1,vegetation_floral
Brick houses,1,0.03178639542275906,0.09844303131103516,1,building_facade
New Forest landscape,1,0.03178639542275906,0.17538367211818695,1,Chilo Island
West Mannheim Architecture,1,0.03178639542275906,0.0849800705909729,1,building_facade
Soybeans,1,0.03178639542275906,0.07606230676174164,1,vegetation_crops
Road marker,1,0.03178639542275906,0.02770117111504078,1,road_dashed
Fruit orchards,1,0.03178639542275906,0.09338114410638809,1,vegetation_fruit
Cologne Lamppost Markings,1,0.03178639542275906,0.22419872879981995,1,pole_marker
Commie blocks,1,0.03178639542275906,0.10595303028821945,1,building_facade
Tall hills - Darker soil,1,0.03178639542275906,0.03230495750904083,1,landscape_hills_temperate
Vic pole top,1,0.03178639542275906,0.07735183835029602,1,Chilo Island
